country,countryLabel,capital,capitalLabel,coordinates,lon,lat
http://www.wikidata.org/entity/Q889,Afganistan,http://www.wikidata.org/entity/Q5838,Kabul,Point(69.165833333 34.532777777),69.165833333333,34.532777777778
http://www.wikidata.org/entity/Q929,Afrika Erdiko Errepublika,http://www.wikidata.org/entity/Q3832,Bangi,Point(18.562833333 4.37325),18.562833333333,4.37325
http://www.wikidata.org/entity/Q222,Albania,http://www.wikidata.org/entity/Q19689,Tirana,Point(19.82 41.33),19.82,41.33
http://www.wikidata.org/entity/Q183,Alemania,http://www.wikidata.org/entity/Q64,Berlin,Point(13.383333333 52.516666666),13.383333333333,52.516666666667
http://www.wikidata.org/entity/Q262,Aljeria,http://www.wikidata.org/entity/Q3561,Aljer,Point(3.058611111 36.776388888),3.0586111111111,36.776388888889
http://www.wikidata.org/entity/Q30,Ameriketako Estatu Batuak,http://www.wikidata.org/entity/Q61,Washington,Point(-77.036666666 38.895),-77.036666666667,38.895
http://www.wikidata.org/entity/Q228,Andorra,http://www.wikidata.org/entity/Q1863,Andorra la Vella,Point(1.5 42.5),1.5,42.5
http://www.wikidata.org/entity/Q916,Angola,http://www.wikidata.org/entity/Q3897,Luanda,Point(13.233333333 -8.833333333),13.233333333333,-8.8333333333333
http://www.wikidata.org/entity/Q781,Antigua eta Barbuda,http://www.wikidata.org/entity/Q36262,Saint John's,Point(-61.844722222 17.121111111),-61.844722222222,17.121111111111
http://www.wikidata.org/entity/Q878,Arabiar Emirerri Batuak,http://www.wikidata.org/entity/Q1519,Abu Dhabi,Point(54.368611111 24.478055555),54.368611111111,24.478055555556
http://www.wikidata.org/entity/Q414,Argentina,http://www.wikidata.org/entity/Q1486,Buenos Aires,Point(-58.381944444 -34.599722222),-58.381944444444,-34.599722222222
http://www.wikidata.org/entity/Q399,Armenia,http://www.wikidata.org/entity/Q1953,Erevan,Point(44.514444444 40.181388888),44.514444444444,40.181388888889
http://www.wikidata.org/entity/Q408,Australia,http://www.wikidata.org/entity/Q3114,Canberra,Point(149.126944444 -35.293055555),149.12694444444,-35.293055555556
http://www.wikidata.org/entity/Q40,Austria,http://www.wikidata.org/entity/Q1741,Viena,Point(16.373064 48.20833),16.373064,48.20833
http://www.wikidata.org/entity/Q227,Azerbaijan,http://www.wikidata.org/entity/Q9248,Baku,Point(49.835183333 40.366655555),49.835183333333,40.366655555556
http://www.wikidata.org/entity/Q778,Bahamak,http://www.wikidata.org/entity/Q2467,Nassau,Point(-77.333333333 25.066666666),-77.333333333333,25.066666666667
http://www.wikidata.org/entity/Q398,Bahrain,http://www.wikidata.org/entity/Q3882,Manama,Point(50.583055555 26.216666666),50.583055555556,26.216666666667
http://www.wikidata.org/entity/Q902,Bangladesh,http://www.wikidata.org/entity/Q1354,Dhaka,Point(90.396111111 23.716111111),90.396111111111,23.716111111111
http://www.wikidata.org/entity/Q244,Barbados,http://www.wikidata.org/entity/Q36168,Bridgetown,Point(-59.616666666 13.0975),-59.616666666667,13.0975
http://www.wikidata.org/entity/Q31,Belgika,http://www.wikidata.org/entity/Q239,Brusela,Point(4.3525 50.846666666),4.3525,50.846666666667
http://www.wikidata.org/entity/Q242,Belize,http://www.wikidata.org/entity/Q3043,Belmopan,Point(-88.7675 17.25),-88.7675,17.25
http://www.wikidata.org/entity/Q962,Benin,http://www.wikidata.org/entity/Q3799,Porto Novo,Point(2.616666666 6.483333333),2.6166666666667,6.4833333333333
http://www.wikidata.org/entity/Q917,Bhutan,http://www.wikidata.org/entity/Q9270,Thimphu,Point(89.633333333 27.483333333),89.633333333333,27.483333333333
http://www.wikidata.org/entity/Q184,Bielorrusia,http://www.wikidata.org/entity/Q2280,Minsk,Point(27.561837 53.902246),27.561837,53.902246
http://www.wikidata.org/entity/Q1008,Boli Kosta,http://www.wikidata.org/entity/Q3768,Jamusukro,Point(-5.27618 6.81769),-5.27618,6.81769
http://www.wikidata.org/entity/Q750,Bolivia,http://www.wikidata.org/entity/Q2907,Sucre,Point(-65.25917 -19.04306),-65.25917,-19.04306
http://www.wikidata.org/entity/Q750,Bolivia,http://www.wikidata.org/entity/Q1491,La Paz,Point(-68.1475 -16.494166666),-68.1475,-16.494166666667
http://www.wikidata.org/entity/Q225,Bosnia-Herzegovina,http://www.wikidata.org/entity/Q11194,Sarajevo,Point(18.416666666 43.866666666),18.416666666667,43.866666666667
http://www.wikidata.org/entity/Q963,Botswana,http://www.wikidata.org/entity/Q3919,Gaborone,Point(25.908611111 -24.656944444),25.908611111111,-24.656944444444
http://www.wikidata.org/entity/Q155,Brasil,http://www.wikidata.org/entity/Q2844,Brasilia,Point(-47.882777777 -15.793888888),-47.882777777778,-15.793888888889
http://www.wikidata.org/entity/Q921,Brunei,http://www.wikidata.org/entity/Q9279,Bandar Seri Begawan,Point(114.916666666 4.916666666),114.91666666667,4.9166666666667
http://www.wikidata.org/entity/Q219,Bulgaria,http://www.wikidata.org/entity/Q472,Sofia,Point(23.32415 42.69751),23.32415,42.69751
http://www.wikidata.org/entity/Q965,Burkina Faso,http://www.wikidata.org/entity/Q3777,Uagadugu,Point(-1.535277777 12.357222222),-1.5352777777778,12.357222222222
http://www.wikidata.org/entity/Q967,Burundi,http://www.wikidata.org/entity/Q167551,Gitega,Point(29.930555555 -3.426388888),29.930555555556,-3.4263888888889
http://www.wikidata.org/entity/Q1011,Cabo Verde,http://www.wikidata.org/entity/Q3751,Praia,Point(-23.509155555 14.917719444),-23.509155555556,14.917719444444
http://www.wikidata.org/entity/Q800,Costa Rica,http://www.wikidata.org/entity/Q3070,San José,Point(-84.083333333 9.933333333),-84.083333333333,9.9333333333333
http://www.wikidata.org/entity/Q35,Danimarka,http://www.wikidata.org/entity/Q1748,Kopenhage,Point(12.568888888 55.676111111),12.568888888889,55.676111111111
http://www.wikidata.org/entity/Q756617,Danimarka,http://www.wikidata.org/entity/Q1748,Kopenhage,Point(12.568888888 55.676111111),12.568888888889,55.676111111111
http://www.wikidata.org/entity/Q977,Djibuti,http://www.wikidata.org/entity/Q3604,Djibuti,Point(43.148055555 11.595),43.148055555556,11.595
http://www.wikidata.org/entity/Q784,Dominika,http://www.wikidata.org/entity/Q36281,Roseau,Point(-61.383333333 15.3),-61.383333333333,15.3
http://www.wikidata.org/entity/Q786,Dominikar Errepublika,http://www.wikidata.org/entity/Q34820,Santo Domingo,Point(-69.893333333 18.476388888),-69.893333333333,18.476388888889
http://www.wikidata.org/entity/Q79,Egipto,http://www.wikidata.org/entity/Q85,Kairo,Point(31.239444444 30.056111111),31.239444444444,30.056111111111
http://www.wikidata.org/entity/Q574,Ekialdeko Timor,http://www.wikidata.org/entity/Q9310,Dili,Point(125.573611111 -8.558611111),125.57361111111,-8.5586111111111
http://www.wikidata.org/entity/Q736,Ekuador,http://www.wikidata.org/entity/Q2900,Quito,Point(-78.509722222 -0.218611111),-78.509722222222,-0.21861111111111
http://www.wikidata.org/entity/Q983,Ekuatore Ginea,http://www.wikidata.org/entity/Q3818,Malabo,Point(10.822222222 1.591666666),10.822222222222,1.5916666666667
http://www.wikidata.org/entity/Q792,El Salvador,http://www.wikidata.org/entity/Q3110,San Salvador,Point(-89.191388888 13.698888888),-89.191388888889,13.698888888889
http://www.wikidata.org/entity/Q986,Eritrea,http://www.wikidata.org/entity/Q3642,Asmara,Point(38.916666666 15.333333333),38.916666666667,15.333333333333
http://www.wikidata.org/entity/Q145,Erresuma Batua,http://www.wikidata.org/entity/Q84,Londres,Point(-0.1275 51.507222222),-0.1275,51.507222222222
http://www.wikidata.org/entity/Q218,Errumania,http://www.wikidata.org/entity/Q19660,Bukarest,Point(26.083333333 44.4),26.083333333333,44.4
http://www.wikidata.org/entity/Q159,Errusia,http://www.wikidata.org/entity/Q649,Mosku,Point(37.617777777 55.755833333),37.617777777778,55.755833333333
http://www.wikidata.org/entity/Q214,Eslovakia,http://www.wikidata.org/entity/Q1780,Bratislava,Point(17.112777777 48.144722222),17.112777777778,48.144722222222
http://www.wikidata.org/entity/Q215,Eslovenia,http://www.wikidata.org/entity/Q437,Ljubljana,Point(14.516666666 46.05),14.516666666667,46.05
http://www.wikidata.org/entity/Q29,Espainia,http://www.wikidata.org/entity/Q2807,Madril,Point(-3.691944444 40.418888888),-3.6919444444444,40.418888888889
http://www.wikidata.org/entity/Q191,Estonia,http://www.wikidata.org/entity/Q1770,Tallinn,Point(24.745 59.437222222),24.745,59.437222222222
http://www.wikidata.org/entity/Q1050,Eswatini,http://www.wikidata.org/entity/Q101418,Lobamba,Point(31.166666666 -26.416666666),31.166666666667,-26.416666666667
http://www.wikidata.org/entity/Q1050,Eswatini,http://www.wikidata.org/entity/Q3904,Mbabane,Point(31.161666666 -26.320833333),31.161666666667,-26.320833333333
http://www.wikidata.org/entity/Q115,Etiopia,http://www.wikidata.org/entity/Q3624,Addis Abeba,Point(38.736944444 9.027222222),38.736944444444,9.0272222222222
http://www.wikidata.org/entity/Q712,Fiji,http://www.wikidata.org/entity/Q38807,Suva,Point(178.433333333 -18.133333333),178.43333333333,-18.133333333333
http://www.wikidata.org/entity/Q928,Filipinak,http://www.wikidata.org/entity/Q1461,Manila,Point(120.977222222 14.595833333),120.97722222222,14.595833333333
http://www.wikidata.org/entity/Q33,Finlandia,http://www.wikidata.org/entity/Q1757,Helsinki,Point(24.93417 60.17556),24.93417,60.17556
http://www.wikidata.org/entity/Q142,Frantzia,http://www.wikidata.org/entity/Q90,Paris,Point(2.351388888 48.856944444),2.3513888888889,48.8569
http://www.wikidata.org/entity/Q142,Frantzia,http://www.wikidata.org/entity/Q90,Paris,Point(2.351388888 48.856944444),2.3513888888889,48.856944444444
http://www.wikidata.org/entity/Q142,Frantzia,http://www.wikidata.org/entity/Q90,Paris,Point(2.351388888 48.856944444),2.3514,48.8569
http://www.wikidata.org/entity/Q142,Frantzia,http://www.wikidata.org/entity/Q90,Paris,Point(2.351388888 48.856944444),2.3514,48.856944444444
http://www.wikidata.org/entity/Q1000,Gabon,http://www.wikidata.org/entity/Q3825,Libreville,Point(9.4544 0.3901),9.4544,0.3901
http://www.wikidata.org/entity/Q1005,Gambia,http://www.wikidata.org/entity/Q3726,Banjul,Point(-16.5775 13.453055555),-16.5775,13.453055555556
http://www.wikidata.org/entity/Q230,Georgia,http://www.wikidata.org/entity/Q994,Tbilisi,Point(44.833611111 41.694166666),44.8336,41.694166666667
http://www.wikidata.org/entity/Q230,Georgia,http://www.wikidata.org/entity/Q994,Tbilisi,Point(44.833611111 41.694166666),44.8336,41.6942
http://www.wikidata.org/entity/Q230,Georgia,http://www.wikidata.org/entity/Q994,Tbilisi,Point(44.833611111 41.694166666),44.833611111111,41.694166666667
http://www.wikidata.org/entity/Q230,Georgia,http://www.wikidata.org/entity/Q994,Tbilisi,Point(44.833611111 41.694166666),44.833611111111,41.6942
http://www.wikidata.org/entity/Q117,Ghana,http://www.wikidata.org/entity/Q3761,Akkra,Point(-0.187 5.6037),-0.187,5.6037
http://www.wikidata.org/entity/Q1006,Ginea,http://www.wikidata.org/entity/Q3733,Konakry,Point(-13.712222222 9.509166666),-13.712222222222,9.5091666666667
http://www.wikidata.org/entity/Q1007,Ginea-Bissau,http://www.wikidata.org/entity/Q3739,Bissau,Point(-15.595555555 11.859166666),-15.595555555556,11.859166666667
http://www.wikidata.org/entity/Q769,Grenada,http://www.wikidata.org/entity/Q41547,Saint George's,Point(-61.741666666 12.044444444),-61.741666666667,12.044444444444
http://www.wikidata.org/entity/Q41,Grezia,http://www.wikidata.org/entity/Q1524,Atenas,Point(23.716111111 37.979444444),23.716111111111,37.979444444444
http://www.wikidata.org/entity/Q774,Guatemala,http://www.wikidata.org/entity/Q1555,Guatemalako Hiria,Point(-90.52525 14.609861111),-90.52525,14.609861111111
http://www.wikidata.org/entity/Q734,Guyana,http://www.wikidata.org/entity/Q10717,Georgetown,Point(-58.166666666 6.783333333),-58.166666666667,6.7833333333333
http://www.wikidata.org/entity/Q790,Haiti,http://www.wikidata.org/entity/Q34261,Port-au-Prince,Point(-72.338611111 18.5425),-72.338611111111,18.5425
http://www.wikidata.org/entity/Q884,Hego Korea,http://www.wikidata.org/entity/Q8684,Seul,Point(126.9784 37.566),127.0,37.583333333333
http://www.wikidata.org/entity/Q884,Hego Korea,http://www.wikidata.org/entity/Q8684,Seul,Point(127.0 37.583333333),127.0,37.583333333333
http://www.wikidata.org/entity/Q884,Hego Korea,http://www.wikidata.org/entity/Q8684,Seul,Point(126.9784 37.566),126.9784,37.566
http://www.wikidata.org/entity/Q884,Hego Korea,http://www.wikidata.org/entity/Q8684,Seul,Point(127.0 37.583333333),126.9784,37.566
http://www.wikidata.org/entity/Q958,Hego Sudan,http://www.wikidata.org/entity/Q1947,Juba,Point(31.6 4.85),31.6,4.85
http://www.wikidata.org/entity/Q258,Hegoafrika,http://www.wikidata.org/entity/Q3926,Pretoria,Point(28.188055555 -25.746388888),28.188055555556,-25.746388888889
http://www.wikidata.org/entity/Q258,Hegoafrika,http://www.wikidata.org/entity/Q5465,Lurmutur Hiria,Point(18.425 -33.925),18.425,-33.925
http://www.wikidata.org/entity/Q258,Hegoafrika,http://www.wikidata.org/entity/Q37701,Bloemfontein,Point(26.216666666 -29.1),26.216666666667,-29.1
http://www.wikidata.org/entity/Q29999,Herbehereetako Erresuma,http://www.wikidata.org/entity/Q727,Amsterdam,Point(4.9 52.383333333),4.9,52.383333333333
http://www.wikidata.org/entity/Q783,Honduras,http://www.wikidata.org/entity/Q3238,Tegucigalpa,Point(-87.206666666 14.094166666),-87.206666666667,14.094166666667
http://www.wikidata.org/entity/Q28,Hungaria,http://www.wikidata.org/entity/Q1781,Budapest,Point(19.040833333 47.498333333),19.040833333333,47.498333333333
http://www.wikidata.org/entity/Q668,India,http://www.wikidata.org/entity/Q987,New Delhi,Point(77.2 28.7),77.2,28.7
http://www.wikidata.org/entity/Q252,Indonesia,http://www.wikidata.org/entity/Q3630,Jakarta,Point(106.84513 -6.21462),106.8451,-6.21462
http://www.wikidata.org/entity/Q252,Indonesia,http://www.wikidata.org/entity/Q3630,Jakarta,Point(106.84513 -6.21462),106.8451,-6.2146
http://www.wikidata.org/entity/Q252,Indonesia,http://www.wikidata.org/entity/Q3630,Jakarta,Point(106.84513 -6.21462),106.84513,-6.21462
http://www.wikidata.org/entity/Q252,Indonesia,http://www.wikidata.org/entity/Q3630,Jakarta,Point(106.84513 -6.21462),106.84513,-6.2146
http://www.wikidata.org/entity/Q423,Ipar Korea,http://www.wikidata.org/entity/Q18808,Piongiang,Point(125.73 39.03),125.73,39.03
http://www.wikidata.org/entity/Q221,Ipar Mazedonia,http://www.wikidata.org/entity/Q384,Skopje,Point(21.433333333 41.983333333),21.433333333333,41.983333333333
http://www.wikidata.org/entity/Q796,Irak,http://www.wikidata.org/entity/Q1530,Bagdad,Point(44.416666666 33.35),44.416666666667,33.35
http://www.wikidata.org/entity/Q794,Iran,http://www.wikidata.org/entity/Q3616,Teheran,Point(51.416666666 35.7),51.416666666667,35.7
http://www.wikidata.org/entity/Q27,Irlandako Errepublika,http://www.wikidata.org/entity/Q1761,Dublin,Point(-6.265833333 53.3425),-6.2658333333333,53.3425
http://www.wikidata.org/entity/Q189,Islandia,http://www.wikidata.org/entity/Q1764,Reykjavik,Point(-21.883333333 64.15),-21.883333333333,64.15
http://www.wikidata.org/entity/Q801,Israel,http://www.wikidata.org/entity/Q1218,Jerusalem,Point(35.216666666 31.783333333),35.216666666667,31.783333333333
http://www.wikidata.org/entity/Q38,Italia,http://www.wikidata.org/entity/Q220,Erroma,Point(12.482777777 41.893055555),12.482777777778,41.893055555556
http://www.wikidata.org/entity/Q766,Jamaika,http://www.wikidata.org/entity/Q34692,Kingston,Point(-76.793055555 17.971388888),-76.793055555556,17.971388888889
http://www.wikidata.org/entity/Q17,Japonia,http://www.wikidata.org/entity/Q1490,Tokio,Point(139.692222222 35.689722222),139.69222222222,35.689722222222
http://www.wikidata.org/entity/Q810,Jordania,http://www.wikidata.org/entity/Q3805,Amman,Point(35.933333333 31.95),35.933333333333,31.95
http://www.wikidata.org/entity/Q1009,Kamerun,http://www.wikidata.org/entity/Q3808,Jaunde,Point(11.518055555 3.857777777),11.518055555556,3.8577777777778
http://www.wikidata.org/entity/Q16,Kanada,http://www.wikidata.org/entity/Q1930,Ottawa,Point(-75.695 45.424722222),-75.695,45.424722222222
http://www.wikidata.org/entity/Q424,Kanbodia,http://www.wikidata.org/entity/Q1850,Phnom Penh,Point(104.921027777 11.569583333),104.92102777778,11.569583333333
http://www.wikidata.org/entity/Q232,Kazakhstan,http://www.wikidata.org/entity/Q1520,Nur-Sultan,Point(71.433333333 51.133333333),71.433333333333,51.133333333333
http://www.wikidata.org/entity/Q114,Kenya,http://www.wikidata.org/entity/Q3870,Nairobi,Point(36.817222222 -1.286388888),36.817222222222,-1.2863888888889
http://www.wikidata.org/entity/Q813,Kirgizistan,http://www.wikidata.org/entity/Q9361,Bixkek,Point(74.566666666 42.866666666),74.566666666667,42.866666666667
http://www.wikidata.org/entity/Q710,Kiribati,http://www.wikidata.org/entity/Q131233,Hego Tarawa,Point(172.966666666 1.4),172.96666666667,1.4
http://www.wikidata.org/entity/Q739,Kolonbia,http://www.wikidata.org/entity/Q2841,Bogota,Point(-74.080833333 4.598888888),-74.080833333333,4.5988888888889
http://www.wikidata.org/entity/Q970,Komoreak,http://www.wikidata.org/entity/Q3901,Moroni,Point(43.253611111 -11.703611111),43.253611111111,-11.703611111111
http://www.wikidata.org/entity/Q971,Kongoko Errepublika,http://www.wikidata.org/entity/Q3844,Brazzaville,Point(15.283333333 -4.266666666),15.283333333333,-4.2666666666667
http://www.wikidata.org/entity/Q974,Kongoko Errepublika Demokratikoa,http://www.wikidata.org/entity/Q3838,Kinshasa,Point(15.313888888 -4.331666666),15.313888888889,-4.3316666666667
http://www.wikidata.org/entity/Q224,Kroazia,http://www.wikidata.org/entity/Q1435,Zagreb,Point(15.95 45.8),15.95,45.8
http://www.wikidata.org/entity/Q241,Kuba,http://www.wikidata.org/entity/Q1563,Habana,Point(-82.358888888 23.136666666),-82.358888888889,23.136666666667
http://www.wikidata.org/entity/Q817,Kuwait,http://www.wikidata.org/entity/Q35178,Kuwait,Point(47.98 29.375),47.98,29.375
http://www.wikidata.org/entity/Q819,Laos,http://www.wikidata.org/entity/Q9326,Vientian,Point(102.6 17.966666666),102.6,17.966666666667
http://www.wikidata.org/entity/Q1013,Lesotho,http://www.wikidata.org/entity/Q3909,Maseru,Point(27.48 -29.31),27.48,-29.31
http://www.wikidata.org/entity/Q211,Letonia,http://www.wikidata.org/entity/Q1773,Riga,Point(24.106944444 56.9475),24.106944444444,56.9475
http://www.wikidata.org/entity/Q822,Libano,http://www.wikidata.org/entity/Q3820,Beirut,Point(35.513055555 33.886944444),35.513055555556,33.886944444444
http://www.wikidata.org/entity/Q1014,Liberia,http://www.wikidata.org/entity/Q3748,Monrovia,Point(-10.804722222 6.310555555),-10.804722222222,6.3105555555556
http://www.wikidata.org/entity/Q1016,Libia,http://www.wikidata.org/entity/Q3579,Tripoli,Point(13.18746 32.87519),13.18746,32.87519
http://www.wikidata.org/entity/Q347,Liechtenstein,http://www.wikidata.org/entity/Q1844,Vaduz,Point(9.521944444 47.139722222),9.5219444444444,47.139722222222
http://www.wikidata.org/entity/Q37,Lituania,http://www.wikidata.org/entity/Q216,Vilnius,Point(25.283333333 54.683333333),25.283333333333,54.683333333333
http://www.wikidata.org/entity/Q32,Luxenburgo,http://www.wikidata.org/entity/Q1842,Luxenburgo,Point(6.132777777 49.610555555),6.1327777777778,49.610555555556
http://www.wikidata.org/entity/Q1019,Madagaskar,http://www.wikidata.org/entity/Q3915,Antananarivo,Point(47.521388888 -18.938611111),47.521388888889,-18.938611111111
http://www.wikidata.org/entity/Q1020,Malawi,http://www.wikidata.org/entity/Q3876,Lilongwe,Point(33.783333333 -13.983333333),33.783333333333,-13.983333333333
http://www.wikidata.org/entity/Q833,Malaysia,http://www.wikidata.org/entity/Q1865,Kuala Lumpur,Point(101.695277777 3.147777777),101.69527777778,3.1477777777778
http://www.wikidata.org/entity/Q826,Maldivak,http://www.wikidata.org/entity/Q9347,Male,Point(73.508333333 4.175),73.508333333333,4.175
http://www.wikidata.org/entity/Q912,Mali,http://www.wikidata.org/entity/Q3703,Bamako,Point(-7.992222222 12.645833333),-7.9922222222222,12.645833333333
http://www.wikidata.org/entity/Q233,Malta,http://www.wikidata.org/entity/Q23800,Valletta,Point(14.5125 35.897777777),14.5125,35.897777777778
http://www.wikidata.org/entity/Q1028,Maroko,http://www.wikidata.org/entity/Q3551,Rabat,Point(-6.836111111 34.025277777),-6.8361111111111,34.025277777778
http://www.wikidata.org/entity/Q709,Marshall Uharteak,http://www.wikidata.org/entity/Q12919,Majuro,Point(171.266666666 7.066666666),171.26666666667,7.0666666666667
http://www.wikidata.org/entity/Q1025,Mauritania,http://www.wikidata.org/entity/Q3688,Nuakxot,Point(-15.974444444 18.078333333),-15.974444444444,18.078333333333
http://www.wikidata.org/entity/Q1027,Maurizio,http://www.wikidata.org/entity/Q3929,Port Louis,Point(57.5 -20.166666666),57.5,-20.166666666667
http://www.wikidata.org/entity/Q96,Mexiko,http://www.wikidata.org/entity/Q1489,Mexiko Hiria,Point(-99.145555555 19.419444444),-99.145555555556,19.419444444444
http://www.wikidata.org/entity/Q702,Mikronesia,http://www.wikidata.org/entity/Q42751,Palikir,Point(158.185 6.917777777),158.185,6.9177777777778
http://www.wikidata.org/entity/Q217,Moldavia,http://www.wikidata.org/entity/Q21197,Chisinau,Point(28.8575 47.005555555),28.8575,47.005555555556
http://www.wikidata.org/entity/Q235,Monako,http://www.wikidata.org/entity/Q55115,Monako,Point(7.424815 43.73097),7.424815,43.73097
http://www.wikidata.org/entity/Q711,Mongolia,http://www.wikidata.org/entity/Q23430,Ulan Bator,Point(106.917222222 47.920277777),106.91722222222,47.920277777778
http://www.wikidata.org/entity/Q236,Montenegro,http://www.wikidata.org/entity/Q23564,Podgorica,Point(19.266111111 42.439722222),19.266111111111,42.439722222222
http://www.wikidata.org/entity/Q1029,Mozambike,http://www.wikidata.org/entity/Q3889,Maputo,Point(32.576388888 -25.915277777),32.576388888889,-25.915277777778
http://www.wikidata.org/entity/Q836,Myanmar,http://www.wikidata.org/entity/Q37400,Naypyidaw,Point(96.15833 19.80278),96.15833,19.80278
http://www.wikidata.org/entity/Q1030,Namibia,http://www.wikidata.org/entity/Q3935,Windhoek,Point(17.083611111 -22.57),17.083611111111,-22.57
http://www.wikidata.org/entity/Q697,Nauru,http://www.wikidata.org/entity/Q31026,Yaren,Point(166.920867 -0.5477),166.920867,-0.5477
http://www.wikidata.org/entity/Q837,Nepal,http://www.wikidata.org/entity/Q3037,Katmandu,Point(85.366666666 27.716666666),85.366666666667,27.716666666667
http://www.wikidata.org/entity/Q1032,Niger,http://www.wikidata.org/entity/Q3674,Niamei,Point(2.111111111 13.508611111),2.1111111111111,13.508611111111
http://www.wikidata.org/entity/Q1033,Nigeria,http://www.wikidata.org/entity/Q3787,Abuja,Point(7.491388888 9.055555555),7.4913888888889,9.0555555555556
http://www.wikidata.org/entity/Q811,Nikaragua,http://www.wikidata.org/entity/Q3274,Managua,Point(-86.266666666 12.15),-86.266666666667,12.15
http://www.wikidata.org/entity/Q20,Norvegia,http://www.wikidata.org/entity/Q585,Oslo,Point(10.752777777 59.911111111),10.752777777778,59.911111111111
http://www.wikidata.org/entity/Q842,Oman,http://www.wikidata.org/entity/Q3826,Maskat,Point(58.592222222 23.613888888),58.592222222222,23.613888888889
http://www.wikidata.org/entity/Q843,Pakistan,http://www.wikidata.org/entity/Q1362,Islamabad,Point(73.036944444 33.698888888),73.036944444444,33.698888888889
http://www.wikidata.org/entity/Q695,Palau,http://www.wikidata.org/entity/Q515229,Ngerulmud,Point(134.624167 7.500556),134.624167,7.500556
http://www.wikidata.org/entity/Q804,Panama,http://www.wikidata.org/entity/Q3306,Panama Hiria,Point(-79.5 9.0),-79.5,9.0
http://www.wikidata.org/entity/Q691,Papua Ginea Berria,http://www.wikidata.org/entity/Q36526,Port Moresby,Point(147.149444444 -9.478888888),147.14944444444,-9.4788888888889
http://www.wikidata.org/entity/Q733,Paraguai,http://www.wikidata.org/entity/Q2933,Asuncion,Point(-57.633333333 -25.3),-57.633333333333,-25.3
http://www.wikidata.org/entity/Q419,Peru,http://www.wikidata.org/entity/Q2868,Lima,Point(-77.033333333 -12.05),-77.033333333333,-12.05
http://www.wikidata.org/entity/Q36,Polonia,http://www.wikidata.org/entity/Q270,Varsovia,Point(21.033333333 52.216666666),21.033333333333,52.216666666667
http://www.wikidata.org/entity/Q45,Portugal,http://www.wikidata.org/entity/Q597,Lisboa,Point(-9.166666666 38.716666666),-9.1666666666667,38.716666666667
http://www.wikidata.org/entity/Q846,Qatar,http://www.wikidata.org/entity/Q3861,Doha,Point(51.533333333 25.3),51.533333333333,25.3
http://www.wikidata.org/entity/Q1037,Ruanda,http://www.wikidata.org/entity/Q3859,Kigali,Point(30.060555555 -1.953611111),30.060555555556,-1.9536111111111
http://www.wikidata.org/entity/Q763,Saint Kitts eta Nevis,http://www.wikidata.org/entity/Q41295,Basseterre,Point(-62.734166666 17.298333333),-62.734166666667,17.298333333333
http://www.wikidata.org/entity/Q757,Saint Vincent eta Grenadinak,http://www.wikidata.org/entity/Q41474,Kingstown,Point(-61.233333333 13.166666666),-61.233333333333,13.166666666667
http://www.wikidata.org/entity/Q685,Salomon uharteak,http://www.wikidata.org/entity/Q40921,Honiara,Point(159.95 -9.433333),159.95,-9.433333
http://www.wikidata.org/entity/Q683,Samoa,http://www.wikidata.org/entity/Q36260,Apia,Point(-171.833333333 -13.833333333),-171.83333333333,-13.833333333333
http://www.wikidata.org/entity/Q238,San Marino,http://www.wikidata.org/entity/Q1848,San Marino,Point(12.44845 43.932011111),12.44845,43.932011111111
http://www.wikidata.org/entity/Q760,Santa Luzia,http://www.wikidata.org/entity/Q41699,Castries,Point(-60.983333333 14.016666666),-60.983333333333,14.016666666667
http://www.wikidata.org/entity/Q851,Saudi Arabia,http://www.wikidata.org/entity/Q3692,Riad,Point(46.71 24.65),46.71,24.65
http://www.wikidata.org/entity/Q1041,Senegal,http://www.wikidata.org/entity/Q3718,Dakar,Point(-17.457222222 14.731944444),-17.457222222222,14.731944444444
http://www.wikidata.org/entity/Q403,Serbia,http://www.wikidata.org/entity/Q3711,Belgrad,Point(20.466666666 44.816666666),20.466666666667,44.816666666667
http://www.wikidata.org/entity/Q1042,Seychelleak,http://www.wikidata.org/entity/Q3940,Victoria,Point(55.454444444 -4.623611111),55.454444444444,-4.6236111111111
http://www.wikidata.org/entity/Q1044,Sierra Leona,http://www.wikidata.org/entity/Q3780,Freetown,Point(-13.233055555 8.483333333),-13.233055555556,8.4833333333333
http://www.wikidata.org/entity/Q334,Singapur,http://www.wikidata.org/entity/Q334,Singapur,Point(103.8 1.3),103.8,1.3
http://www.wikidata.org/entity/Q858,Siria,http://www.wikidata.org/entity/Q3766,Damasko,Point(36.291944444 33.513055555),36.291944444444,33.513055555556
http://www.wikidata.org/entity/Q1045,Somalia,http://www.wikidata.org/entity/Q2449,Muqdisho,Point(45.3425 2.040833333),45.3425,2.0408333333333
http://www.wikidata.org/entity/Q854,Sri Lanka,http://www.wikidata.org/entity/Q35381,Kolonbo,Point(79.833333333 6.916666666),79.833333333333,6.9166666666667
http://www.wikidata.org/entity/Q854,Sri Lanka,http://www.wikidata.org/entity/Q41963,Sri Jayewardenepura Kotte,Point(79.916388888 6.9),79.916388888889,6.9
http://www.wikidata.org/entity/Q1049,Sudan,http://www.wikidata.org/entity/Q1963,Khartum,Point(32.52654 15.60308),32.52654,15.60308
http://www.wikidata.org/entity/Q34,Suedia,http://www.wikidata.org/entity/Q1754,Stockholm,Point(18.068611111 59.329444444),18.068611111111,59.329444444444
http://www.wikidata.org/entity/Q39,Suitza,http://www.wikidata.org/entity/Q70,Berna,Point(7.44743 46.94798),7.44743,46.94798
http://www.wikidata.org/entity/Q730,Surinam,http://www.wikidata.org/entity/Q3001,Paramaribo,Point(-55.166666666 5.866666666),-55.166666666667,5.8666666666667
http://www.wikidata.org/entity/Q1039,São Tomé eta Príncipe,http://www.wikidata.org/entity/Q3932,Sao Tome,Point(6.733333333 0.333333333),6.7333333333333,0.33333333333333
http://www.wikidata.org/entity/Q863,Tajikistan,http://www.wikidata.org/entity/Q9365,Duxanbe,Point(68.786388888 38.573055555),68.786388888889,38.573055555556
http://www.wikidata.org/entity/Q924,Tanzania,http://www.wikidata.org/entity/Q3866,Dodoma,Point(35.75 -6.25),35.75,-6.25
http://www.wikidata.org/entity/Q869,Thailandia,http://www.wikidata.org/entity/Q1861,Bangkok,Point(100.516666666 13.75),100.51666666667,13.75
http://www.wikidata.org/entity/Q945,Togo,http://www.wikidata.org/entity/Q3792,Lome,Point(1.222777777 6.131944444),1.2227777777778,6.1319444444444
http://www.wikidata.org/entity/Q678,Tonga,http://www.wikidata.org/entity/Q38834,Nuku'alofa,Point(-175.208333333 -21.134722222),-175.20833333333,-21.134722222222
http://www.wikidata.org/entity/Q754,Trinidad eta Tobago,http://www.wikidata.org/entity/Q39178,Port-of-Spain,Point(-61.516666666 10.666666666),-61.516666666667,10.666666666667
http://www.wikidata.org/entity/Q948,Tunisia,http://www.wikidata.org/entity/Q3572,Tunis,Point(10.18 36.800833333),10.18,36.800833333333
http://www.wikidata.org/entity/Q43,Turkia,http://www.wikidata.org/entity/Q3640,Ankara,Point(32.866666666 39.866666666),32.866666666667,39.866666666667
http://www.wikidata.org/entity/Q874,Turkmenistan,http://www.wikidata.org/entity/Q23438,Asgabat,Point(58.383333333 37.95),58.383333333333,37.95
http://www.wikidata.org/entity/Q672,Tuvalu,http://www.wikidata.org/entity/Q34126,Funafuti,Point(179.216666666 -8.516666666),179.21666666667,-8.5166666666667
http://www.wikidata.org/entity/Q657,Txad,http://www.wikidata.org/entity/Q3659,N'Djamena,Point(15.072222222 12.116388888),15.0722,12.116388888889
http://www.wikidata.org/entity/Q657,Txad,http://www.wikidata.org/entity/Q3659,N'Djamena,Point(15.072222222 12.116388888),15.0722,12.1164
http://www.wikidata.org/entity/Q657,Txad,http://www.wikidata.org/entity/Q3659,N'Djamena,Point(15.072222222 12.116388888),15.072222222222,12.116388888889
http://www.wikidata.org/entity/Q657,Txad,http://www.wikidata.org/entity/Q3659,N'Djamena,Point(15.072222222 12.116388888),15.072222222222,12.1164
http://www.wikidata.org/entity/Q213,Txekia,http://www.wikidata.org/entity/Q1085,Praga,Point(14.416666666 50.083333333),14.416666666667,50.083333333333
http://www.wikidata.org/entity/Q298,Txile,http://www.wikidata.org/entity/Q2887,Santiago,Point(-70.666666666 -33.45),-70.666666666667,-33.45
http://www.wikidata.org/entity/Q148,Txinako Herri Errepublika,http://www.wikidata.org/entity/Q956,Pekin,Point(116.391388888 39.905),116.39138888889,39.905
http://www.wikidata.org/entity/Q1036,Uganda,http://www.wikidata.org/entity/Q3894,Kampala,Point(32.581111111 0.313611111),32.581111111111,0.31361111111111
http://www.wikidata.org/entity/Q212,Ukraina,http://www.wikidata.org/entity/Q1899,Kiev,Point(30.523611111 50.45),30.523611111111,50.45
http://www.wikidata.org/entity/Q77,Uruguai,http://www.wikidata.org/entity/Q1335,Montevideo,Point(-56.166666666 -34.866944444),-56.166666666667,-34.866944444444
http://www.wikidata.org/entity/Q265,Uzbekistan,http://www.wikidata.org/entity/Q269,Taxkent,Point(69.266666666 41.3),69.266666666667,41.3
http://www.wikidata.org/entity/Q686,Vanuatu,http://www.wikidata.org/entity/Q37806,Port Vila,Point(168.3 -17.75),168.3,-17.75
http://www.wikidata.org/entity/Q717,Venezuela,http://www.wikidata.org/entity/Q1533,Caracas,Point(-66.933333333 10.5),-66.933333333333,10.5
http://www.wikidata.org/entity/Q881,Vietnam,http://www.wikidata.org/entity/Q1858,Hanoi,Point(105.84117 21.0245),105.84117,21.0245
http://www.wikidata.org/entity/Q805,Yemen,http://www.wikidata.org/entity/Q131694,Aden,Point(45.033333333 12.8),45.033333333333,12.8
http://www.wikidata.org/entity/Q805,Yemen,http://www.wikidata.org/entity/Q2471,Sana,Point(44.2 15.35),44.2,15.35
http://www.wikidata.org/entity/Q953,Zambia,http://www.wikidata.org/entity/Q3881,Lusaka,Point(28.283333333 -15.416666666),28.283333333333,-15.416666666667
http://www.wikidata.org/entity/Q664,Zeelanda Berria,http://www.wikidata.org/entity/Q23661,Wellington,Point(174.777222222 -41.288888888),174.77722222222,-41.288888888889
http://www.wikidata.org/entity/Q954,Zimbabwe,http://www.wikidata.org/entity/Q3921,Harare,Point(31.052222222 -17.829166666),31.052222222222,-17.829166666667
http://www.wikidata.org/entity/Q229,Zipre,http://www.wikidata.org/entity/Q3856,Nikosia,Point(33.365 35.1725),33.365,35.1725
